Driver,Net,Gross,April MARRS (M1),,,VIR (M2),,June MARRS (M3),,,NJMP Lightning Challenge (M4),,,July MARRS (M5),,,August MARRS (M6) Mid-Ohio,,Labor Day MARRS (Sept),,,,,October / MARRS 8,,,
,,,R1,R2,R3,R1,R2,R1,R2,R3,R1,R2,R3,R1,R2,R3,R1,R2,R1,R2,R3,R4,R5,R1,R2,R3,
Adam Mungo,,100,100,0,0,0,0,0,0,0,0,0,0,0,0,0,0,0,0,0,0,0,0,,,,
Anthony Piselli,,80,0,80,0,0,0,0,0,0,0,0,0,0,0,0,0,0,0,0,0,0,0,,,,
Arman Major (R),,465,100,80,80,0,0,50,80,75,0,0,0,0,0,0,0,0,0,0,0,0,0,,,,
Bryan McCrea,,970,100,80,100,75,75,0,0,0,0,0,0,0,0,0,75,75,100,50,80,80,80,,,,
Chris Schooler,,365,80,80,0,75,0,65,65,0,0,0,0,0,0,0,0,0,0,0,0,0,0,,,,
Christopher Graham,,830,80,75,75,0,0,75,75,75,0,0,0,0,0,0,0,0,75,75,75,75,75,,,,
Chuck Edmondson,,925,100,100,100,0,0,65,100,100,0,0,0,0,0,0,0,0,65,65,100,65,65,,,,
Corey Markovits,,550,100,100,75,0,0,0,0,0,0,0,0,75,100,100,0,0,0,0,0,0,0,,,,
Iosu Arrieta (R),,700,80,80,80,0,0,65,80,80,0,0,0,75,80,80,0,0,0,0,0,0,0,,,,
Jed Prentice,,865,75,100,100,0,0,80,80,80,0,0,0,100,75,75,100,0,0,0,0,0,0,,,,
Jeffrey Walters (R),,670,75,100,75,0,0,80,65,65,0,0,0,0,0,0,0,0,80,80,0,50,0,,,,
Jennifer Roames,,275,0,0,0,0,0,0,0,0,100,75,0,0,0,0,0,100,0,0,0,0,0,,,,
John Legg,,510,0,0,0,0,0,80,100,0,0,0,0,0,0,0,0,0,80,100,100,50,0,,,,
Mike Herbert,,955,75,75,75,0,0,0,40,50,0,0,0,75,75,75,80,80,80,65,80,30,0,,,,
Nick Chivily,,340,80,80,100,0,0,0,80,0,0,0,0,0,0,0,0,0,0,0,0,0,0,,,,
Rick Myllenbeck,,230,80,75,75,0,0,0,0,0,0,0,0,0,0,0,0,0,0,0,0,0,0,,,,
Scott Cook,,930,80,100,80,0,0,100,80,80,0,0,0,0,0,0,0,0,80,65,65,100,100,,,,
Steve Martin,,1415,100,100,80,0,0,80,100,75,75,75,75,0,75,75,75,75,65,80,50,80,80,,,,
Andrew Mirghassemi (R),,260,0,0,0,0,0,100,80,80,0,0,0,0,0,0,0,0,0,0,0,0,0,,,,
Anita Baarns,,555,0,0,0,0,0,100,100,100,0,0,0,0,0,0,0,0,65,50,50,40,50,,,,
Edward Eller,,725,0,0,0,0,0,75,75,75,0,0,0,0,0,0,0,0,100,100,100,100,100,,,,
Erik Gohl (R),,780,0,0,0,0,0,100,100,100,0,0,0,0,0,0,0,0,100,80,100,100,100,,,,
Jeff Liller,,230,0,0,0,0,0,100,50,0,0,0,0,80,0,0,0,0,0,0,0,0,0,,,,
L Ray Rachuba,,300,0,0,0,0,0,100,100,100,0,0,0,0,0,0,0,0,0,0,0,0,0,,,,
Lawrence Slivinski,,340,0,0,0,0,0,65,0,0,0,0,0,0,0,0,0,0,30,65,65,65,50,,,,
Matt Littleton,,925,0,0,0,0,0,80,65,65,0,0,0,75,100,100,0,0,100,100,80,80,80,,,,
Qais Musmar,,200,0,0,0,0,0,0,100,100,0,0,0,0,0,0,0,0,0,0,0,0,0,,,,
Steve Wickersham,,115,0,0,0,0,0,65,50,0,0,0,0,0,0,0,0,0,0,0,0,0,0,,,,
Trey Harper,,800,0,0,0,0,0,80,80,80,0,0,0,0,80,80,0,0,0,100,100,100,100,,,,
Steve Hunt,,150,0,0,0,75,75,0,0,0,0,0,0,0,0,0,0,0,0,0,0,0,0,,,,
Jordan Eichelbaum,,585,0,0,0,0,0,0,0,0,80,75,75,0,0,0,0,0,80,100,65,30,80,,,,
Hudson Williams,,130,0,0,0,0,0,0,0,0,0,0,0,0,65,65,0,0,0,0,0,0,0,,,,
Marshall Lytle,,225,0,0,0,0,0,0,0,0,0,0,0,75,75,75,0,0,0,0,0,0,0,,,,
Louis Allessi,,500,0,0,0,0,0,0,0,0,0,0,0,0,0,0,75,75,50,80,65,80,75,,,,
Josh Reinard,,375,0,0,0,0,0,0,0,0,0,0,0,0,0,0,0,0,100,50,80,80,65,,,,
Daniel Dennehy-Rodriguez,,305,0,0,0,0,0,0,0,0,0,0,0,0,0,0,0,0,65,0,40,100,100,,,,
Aidan Miller,,110,0,0,0,0,0,0,0,0,0,0,0,0,0,0,0,0,50,30,30,0,0,,,,
Jon Meyer,,210,0,0,0,0,0,0,0,0,0,0,0,0,0,0,0,0,40,40,50,80,0,,,,
Amanda Haines,,145,0,0,0,0,0,0,0,0,0,0,0,0,0,0,0,0,20,5,5,50,65,,,,
Christian Zanetich,,250,0,0,0,0,0,0,0,0,0,0,0,0,0,0,0,0,10,80,80,40,40,,,,
Dave Albrecht,,180,0,0,0,0,0,0,0,0,0,0,0,0,0,0,0,0,5,10,20,65,80,,,,
LeeAnne Guessford,,33,0,0,0,0,0,0,0,0,0,0,0,0,0,0,0,0,3,20,10,0,0,,,,
Bill Smith,,0,0,0,0,0,0,0,0,0,0,0,0,0,0,0,0,0,0,0,0,0,0,,,,
Michael Palaszynski,,380,0,0,0,0,0,0,0,0,0,0,0,0,0,0,0,0,80,100,100,100,0,,,,
Matt Phillips,,310,0,0,0,0,0,0,0,0,0,0,0,0,0,0,0,0,100,0,80,65,65,,,,
